category,group,image_name,nima_score
backpack,group_000000315156,edit_1_1ac0d168.jpg,5.083
backpack,group_000000315156,original_000000315156.jpg,4.99
backpack,group_000000399308,edit_1_6170a80e.jpg,5.081
backpack,group_000000399308,edit_2_65345ff6.jpg,5.162
backpack,group_000000399308,original_000000399308.jpg,5.041
backpack,group_102987,edit_1_39fb858c.jpg,4.794
backpack,group_102987,original_102987.jpg,5.192
backpack,group_1496e3f0,edit_1_1496e3f0n.jpg,5.073
backpack,group_1496e3f0,original_1496e3f0.jpg,5.234
backpack,group_149881,edit_1_7ed3d418.jpg,5.075
backpack,group_149881,original_149881.jpg,4.744
backpack,group_15b17d6a,edit_1_bf4f89.jpg,5.584
backpack,group_15b17d6a,original_15b17d6a.jpg,5.538
backpack,group_20046ad2,edit_1_20046ad2n.jpg,5.102
backpack,group_20046ad2,original_20046ad2.jpg,5.16
backpack,group_212868,edit_1_c0d82f92.jpg,5.358
backpack,group_212868,edit_2_16a6c9a2.jpg,4.85
backpack,group_212868,original_212868.jpg,4.428
backpack,group_231632,edit_1_47c03d9d.jpg,5.118
backpack,group_231632,edit_2_49576ac3.jpg,5.305
backpack,group_231632,original_231632.jpg,5.076
backpack,group_233646,edit_1_470ab291.jpg,4.938
backpack,group_233646,edit_2_8899b550.jpg,4.727
backpack,group_233646,original_233646.jpg,4.866
backpack,group_251660,edit_1_ea203da4.jpg,5.586
backpack,group_251660,original_251660.jpg,5.626
backpack,group_266866,edit_1_11102c4f.jpg,4.89
backpack,group_266866,original_266866.jpg,4.845
backpack,group_29833,edit_1_6fb671ef.jpg,5.179
backpack,group_29833,original_29833.jpg,5.081
backpack,group_32629,edit_1_1444150.jpg,5.053
backpack,group_32629,original_32629.jpg,5.01
backpack,group_367171,edit_1_68905185.jpg,5.095
backpack,group_367171,original_367171.jpg,5.215
backpack,group_370953,edit_1_f1df0a17.jpg,5.161
backpack,group_370953,original_370953.jpg,5.18
backpack,group_410108,edit_1_07007a4c.jpg,4.898
backpack,group_410108,original_410108.jpg,4.96
backpack,group_461333,edit_1_fe0d968f.jpg,4.643
backpack,group_461333,original_461333.jpg,4.293
backpack,group_4f662974,edit_1_4f662974n.jpg,5.339
backpack,group_4f662974,original_4f662974.jpg,5.371
backpack,group_509538,edit_1_1ee4c3d5.jpg,5.204
backpack,group_509538,edit_2_3e5d02e5.jpg,5.194
backpack,group_509538,original_509538.jpg,5.241
backpack,group_55690,edit_1_10b69b77.jpg,5.476
backpack,group_55690,original_55690.jpg,5.47
backpack,group_559701,edit_1_667b0adc.jpg,5.099
backpack,group_559701,edit_2_7f6980c1.jpg,5.158
backpack,group_559701,edit_3_3c1d9314.jpg,5.055
backpack,group_559701,original_559701.jpg,5.272
backpack,group_574527,edit_1_ceea0343.jpg,5.02
backpack,group_574527,original_574527.jpg,4.767
backpack,group_59ed52e4,edit_1_9e17e2.jpg,5.083
backpack,group_59ed52e4,original_59ed52e4.jpg,5.189
backpack,group_6344a7df,edit_1_6344a7dfn.jpg,5.594
backpack,group_6344a7df,original_6344a7df.jpg,5.601
backpack,group_63fb9d45,edit_1_63fb9d45n.jpg,5.443
backpack,group_63fb9d45,original_63fb9d45.jpg,5.245
backpack,group_68bfc0b1,edit_1_68bfc0b1n.jpg,5.171
backpack,group_68bfc0b1,original_68bfc0b1.jpg,5.334
backpack,group_7b9a835d,edit_1_7b9a835dn.jpg,4.944
backpack,group_7b9a835d,original_7b9a835d.jpg,5.211
backpack,group_7bec740c,edit_1_7bec740cn.jpg,5.245
backpack,group_7bec740c,original_7bec740c.jpg,5.421
backpack,group_829022ab,edit_1_0be6a7.jpg,5.511
backpack,group_829022ab,edit_2_93788a.jpg,5.601
backpack,group_829022ab,original_829022ab.jpg,5.584
backpack,group_83741,edit_1_e6afedbc.jpg,5.076
backpack,group_83741,edit_2_31cbee5f.jpg,5.254
backpack,group_83741,edit_3_dfe355c2.jpg,5.07
backpack,group_83741,original_83741.jpg,5.267
backpack,group_89c9b36b,edit_1_89c9b36bn.jpg,5.26
backpack,group_89c9b36b,original_89c9b36b.jpg,5.446
backpack,group_97a26942,edit_1_97a26942n.jpg,5.547
backpack,group_97a26942,original_97a26942.jpg,5.454
backpack,group_9d8fedf5,edit_1_9d8fedf5n.jpg,5.046
backpack,group_9d8fedf5,original_9d8fedf5.jpg,5.135
backpack,group_9e71b06a,edit_1_9e71b06an.jpg,5.301
backpack,group_9e71b06a,original_9e71b06a.jpg,5.166
backpack,group_aafde4c0,edit_1_aafde4c0n.jpg,5.536
backpack,group_aafde4c0,original_aafde4c0.jpg,5.306
backpack,group_c6c34002,edit_1_c6c34002n.jpg,5.24
backpack,group_c6c34002,original_c6c34002.jpg,5.35
backpack,group_caf23ae7,edit_1_caf23ae7n.jpg,5.266
backpack,group_caf23ae7,original_caf23ae7.jpg,5.196
backpack,group_d5312b70,edit_1_d5312b70n.jpg,5.218
backpack,group_d5312b70,original_d5312b70.jpg,5.272
backpack,group_dd3657aa,edit_1_dd3657aan.jpg,5.199
backpack,group_dd3657aa,original_dd3657aa.jpg,5.314
backpack,group_e12d0f3c,edit_1_e12d0f3cn.jpg,4.924
backpack,group_e12d0f3c,original_e12d0f3c.jpg,4.982
backpack,group_e28ef131,edit_1_e28ef131n.jpg,5.362
backpack,group_e28ef131,original_e28ef131.jpg,5.429
backpack,group_e71dedbc,edit_1_e71dedbcn.jpg,5.265
backpack,group_e71dedbc,original_e71dedbc.jpg,5.47
backpack,group_e7d1702e,edit_1_6ccda7.jpg,5.185
backpack,group_e7d1702e,original_e7d1702e.jpg,5.113
backpack,group_ee66a0ab,edit_1_ee66a0abn.jpg,5.041
backpack,group_ee66a0ab,original_ee66a0ab.jpg,4.959
cell phone,group_109488,edit_1_0a750ba0.jpg,5.391
cell phone,group_109488,original_109488.jpg,5.122
cell phone,group_114389,edit_1_7a495394.jpg,5.522
cell phone,group_114389,edit_2_6ef25e66.jpg,5.613
cell phone,group_114389,original_114389.jpg,5.553
cell phone,group_115442,edit_1_6468d19f.jpg,4.766
cell phone,group_115442,original_115442.jpg,5.024
cell phone,group_125656,edit_1_daedc60e.jpg,5.107
cell phone,group_125656,original_125656.jpg,5.382
cell phone,group_181343,edit_1_39396398.jpg,5.171
cell phone,group_181343,original_181343.jpg,5.415
cell phone,group_183970,edit_1_1ca3ceec.jpg,5.221
cell phone,group_183970,edit_2_8ff110ae.jpg,5.158
cell phone,group_183970,original_183970.jpg,5.154
cell phone,group_188405,edit_1_4c61a856.jpg,4.923
cell phone,group_188405,original_188405.jpg,5.008
cell phone,group_203879,edit_1_18f95af8.jpg,5.217
cell phone,group_203879,original_203879.jpg,5.1
cell phone,group_226762,edit_1_ed34caf6.jpg,5.662
cell phone,group_226762,edit_2_57a21e75.jpg,5.652
cell phone,group_226762,edit_3_4389fb08.jpg,5.382
cell phone,group_226762,original_226762.jpg,5.452
cell phone,group_229724,edit_1_52a27aef.jpg,5.441
cell phone,group_229724,original_229724.jpg,5.226
cell phone,group_233543,edit_1_2d85b94f.jpg,5.131
cell phone,group_233543,original_233543.jpg,5.149
cell phone,group_236661,edit_1_fdc3c8ee.jpg,5.017
cell phone,group_236661,edit_2_445996.jpg,5.263
cell phone,group_236661,edit_3_1195103.jpg,4.851
cell phone,group_236661,original_236661.jpg,5.013
cell phone,group_238009,edit_1_f4130e2f.jpg,5.072
cell phone,group_238009,original_238009.jpg,5.139
cell phone,group_252738,edit_1_441adb1a.jpg,5.431
cell phone,group_252738,original_252738.jpg,5.315
cell phone,group_258439,edit_1_53d5ab92.jpg,5.344
cell phone,group_258439,original_258439.jpg,5.226
cell phone,group_258581,edit_1_1dda8ca8.jpg,4.534
cell phone,group_258581,edit_2_d87fe184.jpg,5.077
cell phone,group_258581,original_258581.jpg,4.78
cell phone,group_264309,edit_1_28f1b906.jpg,5.598
cell phone,group_264309,original_264309.jpg,5.544
cell phone,group_273979,edit_1_7c1ef52a.jpg,5.344
cell phone,group_273979,original_273979.jpg,4.79
cell phone,group_282515,edit_1_0a967660.jpg,5.213
cell phone,group_282515,edit_2_e7f782c6.jpg,5.394
cell phone,group_282515,original_282515.jpg,5.581
cell phone,group_282672,edit_1_5973ba2d.jpg,5.45
cell phone,group_282672,original_282672.jpg,5.503
cell phone,group_286119,edit_1_c097822a.jpg,5.02
cell phone,group_286119,original_286119.jpg,4.913
cell phone,group_306603,edit_1_3676fa2c.jpg,5.453
cell phone,group_306603,edit_2_0e9f5491.jpg,5.749
cell phone,group_306603,original_306603.jpg,5.414
cell phone,group_313553,edit_1_15e5176e.jpg,5.408
cell phone,group_313553,edit_2_b2f247d0.jpg,5.106
cell phone,group_313553,original_313553.jpg,5.045
cell phone,group_328115,edit_1_e3103be1.jpg,5.125
cell phone,group_328115,edit_2_3ff14cbe.jpg,4.98
cell phone,group_328115,edit_3_6482ba73.jpg,4.987
cell phone,group_328115,original_328115.jpg,4.57
cell phone,group_36607,edit_1_5d257e65.jpg,5.417
cell phone,group_36607,original_36607.jpg,5.295
cell phone,group_370315,edit_1_5dd48168.jpg,5.332
cell phone,group_370315,original_370315.jpg,5.43
cell phone,group_375606,edit_1_bb4e8049.jpg,5.342
cell phone,group_375606,original_375606.jpg,4.591
cell phone,group_399881,edit_1_53274150.jpg,5.314
cell phone,group_399881,edit_2_0a0f1f35.jpg,5.27
cell phone,group_399881,original_399881.jpg,4.855
cell phone,group_3c684dee,edit_1_3c684deen.jpg,5.207
cell phone,group_3c684dee,original_3c684dee.jpg,5.263
cell phone,group_417151,edit_1_0e4873d0.jpg,5.357
cell phone,group_417151,original_417151.jpg,5.292
cell phone,group_421309,edit_1_34882e95.jpg,5.266
cell phone,group_421309,original_421309.jpg,5.464
cell phone,group_438600,edit_1_5419c0a8.jpg,5.5
cell phone,group_438600,original_438600.jpg,5.728
cell phone,group_44579,edit_1_584e2c66.jpg,5.355
cell phone,group_44579,original_44579.jpg,4.965
cell phone,group_459929,edit_1_9679ce5f.jpg,5.172
cell phone,group_459929,edit_2_5a824220.jpg,5.18
cell phone,group_459929,original_459929.jpg,5.011
cell phone,group_471410,edit_1_1427179.jpg,4.887
cell phone,group_471410,original_471410.jpg,5.019
cell phone,group_476363,edit_1_3683dc0e.jpg,5.096
cell phone,group_476363,original_476363.jpg,5.073
cell phone,group_476634,edit_1_d5131c7f.jpg,5.098
cell phone,group_476634,edit_2_cdc72db2.jpg,5.465
cell phone,group_476634,original_476634.jpg,5.069
cell phone,group_48617,edit_1_fe55dbc6.jpg,5.241
cell phone,group_48617,original_48617.jpg,5.162
cell phone,group_486178,edit_1_08764d5a.jpg,5.251
cell phone,group_486178,original_486178.jpg,5.179
cell phone,group_492376,edit_1_70ac9ba5.jpg,5.226
cell phone,group_492376,edit_2_c5e13618.jpg,5.4
cell phone,group_492376,original_492376.jpg,5.207
cell phone,group_492654,edit_1_fc31065a.jpg,4.906
cell phone,group_492654,original_492654.jpg,4.675
cell phone,group_517911,edit_1_16c70c8f.jpg,5.175
cell phone,group_517911,original_517911.jpg,4.663
cell phone,group_520519,edit_1_f10fc021.jpg,5.178
cell phone,group_520519,original_520519.jpg,5.049
cell phone,group_537027,edit_1_fc56c760.jpg,5.083
cell phone,group_537027,original_537027.jpg,5.023
cell phone,group_540716,edit_1_f5121c7a.jpg,5.362
cell phone,group_540716,original_540716.jpg,5.126
cell phone,group_544698,edit_1_1a52f1e5.jpg,5.109
cell phone,group_544698,edit_2_47800.jpg,5.274
cell phone,group_544698,original_544698.jpg,4.878
cell phone,group_549845,edit_1_78a04f1b.jpg,5.653
cell phone,group_549845,original_549845.jpg,5.399
cell phone,group_56473,edit_1_b8076496.jpg,5.189
cell phone,group_56473,edit_2_304be1d7.jpg,5.046
cell phone,group_56473,original_56473.jpg,5.242
chair,group_000000281660,edit_1_17c711fc.jpg,5.633
chair,group_000000281660,edit_2_a45fe547.jpg,5.286
chair,group_000000281660,edit_3_cd59e349.jpg,5.453
chair,group_000000281660,original_000000281660.jpg,5.398
chair,group_03802053,edit_1_8db446.jpg,5.292
chair,group_03802053,original_03802053.jpg,5.27
chair,group_08374ad1,edit_1_08374ad1n.jpg,5.123
chair,group_08374ad1,original_08374ad1.jpg,5.391
chair,group_10791f50,edit_1_10791f50n.jpg,5.314
chair,group_10791f50,original_10791f50.jpg,5.316
chair,group_11222,edit_1_1396f8c3.jpg,5.365
chair,group_11222,original_11222.jpg,5.443
chair,group_115442,edit_1_6468d19f.jpg,4.766
chair,group_115442,original_115442.jpg,5.024
chair,group_124501,edit_1_9230e63c.jpg,5.184
chair,group_124501,original_124501.jpg,5.009
chair,group_131211,edit_1_10e0bc1d.jpg,5.83
chair,group_131211,original_131211.jpg,5.948
chair,group_149566,edit_1_bbcb5eac.jpg,5.302
chair,group_149566,edit_2_1589672.jpg,5.366
chair,group_149566,original_149566.jpg,5.266
chair,group_149a4cfb,edit_1_149a4cfbn.jpg,5.85
chair,group_149a4cfb,original_149a4cfb.jpg,5.507
chair,group_154002,edit_1_014702d9.jpg,5.11
chair,group_154002,original_154002.jpg,5.138
chair,group_15906,edit_1_a6957471.jpg,5.452
chair,group_15906,original_15906.jpg,5.611
chair,group_21003,edit_1_89b18d2a.jpg,5.071
chair,group_21003,original_21003.jpg,5.057
chair,group_211347,edit_1_7d1a74ce.jpg,5.257
chair,group_211347,original_211347.jpg,4.807
chair,group_217289,edit_1_6b9d2e3f.jpg,5.356
chair,group_217289,original_217289.jpg,5.354
chair,group_2493abdd,edit_1_27a881.jpg,5.54
chair,group_2493abdd,original_2493abdd.jpg,5.445
chair,group_249764,edit_1_392846eb.jpg,5.307
chair,group_249764,original_249764.jpg,5.387
chair,group_26942,edit_1_97a69b62.jpg,4.991
chair,group_26942,edit_2_b3cabaf5.jpg,4.944
chair,group_26942,edit_3_02538387.jpg,5.021
chair,group_26942,original_26942.jpg,4.965
chair,group_274753,edit_1_ff45a998.jpg,5.321
chair,group_274753,edit_2_6f564bc9.jpg,5.307
chair,group_274753,edit_3_28aa92d7.jpg,5.462
chair,group_274753,original_274753.jpg,5.258
chair,group_327623,edit_1_f724c6d2.jpg,5.034
chair,group_327623,edit_2_394d715d.jpg,4.818
chair,group_327623,original_327623.jpg,5.105
chair,group_371402,edit_1_2117d1a1.jpg,5.052
chair,group_371402,original_371402.jpg,5.107
chair,group_410900cd,edit_1_410900cdn.jpg,5.067
chair,group_410900cd,original_410900cd.jpg,5.419
chair,group_434857,edit_1_c7dcaa85.jpg,4.992
chair,group_434857,original_434857.jpg,4.912
chair,group_461098,edit_1_e3103193.jpg,4.89
chair,group_461098,original_461098.jpg,4.845
chair,group_475485,edit_1_ef373df0.jpg,5.333
chair,group_475485,original_475485.jpg,5.34
chair,group_497558,edit_1_da3708d9.jpg,4.858
chair,group_497558,original_497558.jpg,5.11
chair,group_53897,edit_1_cde8f454.jpg,4.485
chair,group_53897,edit_2_2606a980.jpg,5.169
chair,group_53897,original_53897.jpg,4.54
chair,group_548672,edit_1_2ca4b5c2.jpg,4.996
chair,group_548672,original_548672.jpg,4.836
chair,group_55dc617e,edit_1_700f11.jpg,5.488
chair,group_55dc617e,original_55dc617e.jpg,5.37
chair,group_560161,edit_1_d823e855.jpg,5.489
chair,group_560161,original_560161.jpg,4.893
chair,group_562574,edit_1_1ae7bc50.jpg,5.529
chair,group_562574,edit_2_7ee5b880.jpg,5.466
chair,group_562574,edit_3_92d6ddb3.jpg,5.506
chair,group_562574,original_562574.jpg,5.604
chair,group_568187,edit_1_02035448.jpg,5.168
chair,group_568187,original_568187.jpg,4.788
chair,group_60cb1c84,edit_1_3930e9.jpg,5.344
chair,group_60cb1c84,original_60cb1c84.jpg,5.36
chair,group_70441,edit_1_9b86d629.jpg,5.27
chair,group_70441,original_70441.jpg,5.276
chair,group_742f286c,edit_1_122c8e.jpg,5.728
chair,group_742f286c,original_742f286c.jpg,5.677
chair,group_79619,edit_1_6be18310.jpg,5.207
chair,group_79619,edit_2_b90882a3.jpg,5.247
chair,group_79619,edit_3_8d323d22.jpg,5.187
chair,group_79619,original_79619.jpg,5.213
chair,group_80319,edit_1_6cf92a72.jpg,5.135
chair,group_80319,original_80319.jpg,5.242
chair,group_81323,edit_1_7144d64d.jpg,5.423
chair,group_81323,original_81323.jpg,5.434
chair,group_89870,edit_1_3c6b4c12.jpg,5.742
chair,group_89870,edit_2_3c3c4a13.jpg,5.703
chair,group_89870,original_89870.jpg,5.793
chair,group_8cb2b723,edit_1_8cb2b723n.jpg,5.381
chair,group_8cb2b723,original_8cb2b723.jpg,5.557
chair,group_90b6c7d5,edit_1_90b6c7d5n.jpg,5.491
chair,group_90b6c7d5,original_90b6c7d5.jpg,5.374
chair,group_9a585a89,edit_1_9a585a89n.jpg,5.494
chair,group_9a585a89,original_9a585a89.jpg,5.404
chair,group_b33766c0,edit_1_fc301c.jpg,5.519
chair,group_b33766c0,original_b33766c0.jpg,5.551
chair,group_bc968267,edit_1_bc968267n.jpg,5.223
chair,group_bc968267,original_bc968267.jpg,5.179
chair,group_c89fd23a,edit_1_62c6fc.jpg,5.509
chair,group_c89fd23a,edit_2_2fbac0.jpg,5.604
chair,group_c89fd23a,original_c89fd23a.jpg,5.473
chair,group_e9927d2c,edit_1_4544dd.jpg,5.687
chair,group_e9927d2c,original_e9927d2c.jpg,5.571
chair,group_f188573c,edit_1_fd917d.jpg,5.653
chair,group_f188573c,edit_2_38dd94.jpg,5.676
chair,group_f188573c,edit_3_0e6206.jpg,5.63
chair,group_f188573c,original_f188573c.jpg,5.641
chair,group_fb6b7556,edit_1_fb6b7556n.jpg,5.662
chair,group_fb6b7556,original_fb6b7556.jpg,5.599
couch,group_000000069021,edit_1_8af1b941.jpg,4.919
couch,group_000000069021,edit_2_ff08714c.jpg,4.65
couch,group_000000069021,original_000000069021.jpg,4.67
couch,group_000000125652,edit_1_621b9664.jpg,5.044
couch,group_000000125652,original_000000125652.jpg,5.07
couch,group_07d2d8fd,edit_1_07d2d8fdn.jpg,5.622
couch,group_07d2d8fd,original_07d2d8fd.jpg,5.86
couch,group_110230,edit_1_71421dc9.jpg,5.114
couch,group_110230,original_110230.jpg,5.27
couch,group_120145,edit_1_e9ac3739.jpg,5.028
couch,group_120145,original_120145.jpg,5.114
couch,group_130163,edit_1_af9dcd5e.jpg,5.231
couch,group_130163,original_130163.jpg,5.316
couch,group_130872,edit_1_063be135.jpg,5.445
couch,group_130872,original_130872.jpg,4.688
couch,group_144228,edit_1_b3264cdb.jpg,5.33
couch,group_144228,original_144228.jpg,4.892
couch,group_14d0db1a,edit_1_14d0db1an.jpg,5.597
couch,group_14d0db1a,original_14d0db1a.jpg,5.486
couch,group_161015,edit_1_f4625c25.jpg,4.492
couch,group_161015,original_161015.jpg,4.694
couch,group_197097,edit_1_8e2a153d.jpg,4.974
couch,group_197097,original_197097.jpg,5.323
couch,group_217440,edit_1_31c5453a.jpg,5.39
couch,group_217440,original_217440.jpg,5.48
couch,group_244571,edit_1_c788b593.jpg,5.198
couch,group_244571,original_244571.jpg,5.234
couch,group_247477,edit_1_43548574.jpg,5.088
couch,group_247477,original_247477.jpg,5.08
couch,group_249616,edit_1_fa375922.jpg,5.148
couch,group_249616,original_249616.jpg,5.26
couch,group_257723,edit_1_a5e6b853.jpg,5.264
couch,group_257723,edit_2_5371bfa1.jpg,5.115
couch,group_257723,original_257723.jpg,5.155
couch,group_25998,edit_1_1695c7b3.jpg,5.093
couch,group_25998,edit_2_1849bf23.jpg,5.149
couch,group_25998,original_25998.jpg,5.165
couch,group_308274,edit_1_810fa37a.jpg,4.965
couch,group_308274,original_308274.jpg,5.052
couch,group_314188,edit_1_742bae68.jpg,5.369
couch,group_314188,original_314188.jpg,5.127
couch,group_331863,edit_1_013bd736.jpg,5.194
couch,group_331863,original_331863.jpg,5.36
couch,group_337255,edit_1_0ea10221.jpg,5.334
couch,group_337255,edit_2_b2868a3e.jpg,4.929
couch,group_337255,edit_3_f076b286.jpg,5.149
couch,group_337255,original_337255.jpg,4.932
couch,group_352399,edit_1_e9982bc3.jpg,5.173
couch,group_352399,edit_2_cb3f56c7.jpg,5.219
couch,group_352399,original_352399.jpg,5.305
couch,group_373476,edit_1_caea62ef.jpg,4.781
couch,group_373476,edit_2_079eddb6.jpg,4.768
couch,group_373476,original_373476.jpg,4.837
couch,group_386500,edit_1_4659d4cb.jpg,5.115
couch,group_386500,edit_2_5d82fcc5.jpg,5.465
couch,group_386500,original_386500.jpg,5.22
couch,group_3d64d7f0,edit_1_27a0ea.jpg,5.191
couch,group_3d64d7f0,original_3d64d7f0.jpg,5.108
couch,group_413235,edit_1_c8c04003.jpg,5.487
couch,group_413235,edit_2_7b22dc8b.jpg,5.47
couch,group_413235,original_413235.jpg,5.263
couch,group_42856,edit_1_b02d6b63.jpg,5.452
couch,group_42856,original_42856.jpg,5.292
couch,group_441523,edit_1_b984d342.jpg,5.304
couch,group_441523,edit_2_016e7024.jpg,5.244
couch,group_441523,original_441523.jpg,5.283
couch,group_450840,edit_1_24e79970.jpg,5.489
couch,group_450840,original_450840.jpg,5.273
couch,group_458299,edit_1_3bad1408.jpg,5.495
couch,group_458299,edit_2_759d3dbb.jpg,5.138
couch,group_458299,original_458299.jpg,5.197
couch,group_472707,edit_1_d2e048d9.jpg,5.417
couch,group_472707,original_472707.jpg,5.733
couch,group_49153d91,edit_1_370eb6.jpg,5.351
couch,group_49153d91,original_49153d91.jpg,5.304
couch,group_51083,edit_1_848f56ce.jpg,5.056
couch,group_51083,original_51083.jpg,5.03
couch,group_516738,edit_1_f97d23ae.jpg,5.03
couch,group_516738,original_516738.jpg,4.939
couch,group_558968,edit_1_ff3182e0.jpg,5.389
couch,group_558968,original_558968.jpg,5.35
couch,group_58001,edit_1_ecfca5cc.jpg,5.145
couch,group_58001,original_58001.jpg,5.336
couch,group_580427,edit_1_8e0e50ce.jpg,5.569
couch,group_580427,original_580427.jpg,5.059
couch,group_70470,edit_1_86e8e04e.jpg,4.802
couch,group_70470,original_70470.jpg,4.641
couch,group_76846,edit_1_2d4163cd.jpg,5.259
couch,group_76846,edit_2_57e67996.jpg,5.263
couch,group_76846,original_76846.jpg,5.295
couch,group_78aa07b7,edit_1_78aa07b7n.jpg,5.54
couch,group_78aa07b7,original_78aa07b7.jpg,5.708
couch,group_7dcdfe5a,edit_1_1fbd1e.jpg,5.746
couch,group_7dcdfe5a,original_7dcdfe5a.jpg,5.572
couch,group_80757,edit_1_2d4d4533.jpg,5.027
couch,group_80757,original_80757.jpg,5.273
couch,group_8c384a4d,edit_1_8c384a4dn.jpg,5.53
couch,group_8c384a4d,original_8c384a4d.jpg,5.327
couch,group_9715aafb,edit_1_9c6925.jpg,5.507
couch,group_9715aafb,original_9715aafb.jpg,5.544
couch,group_97598,edit_1_cfb8b68d.jpg,5.07
couch,group_97598,original_97598.jpg,5.369
couch,group_afdce6c7,edit_1_afdce6c7n.jpg,5.668
couch,group_afdce6c7,original_afdce6c7.jpg,5.724
couch,group_b515ef0f,edit_1_b515ef0fn.jpg,5.102
couch,group_b515ef0f,original_b515ef0f.jpg,4.912
handbag,group_000000014766,edit_1_d0b29d5f.jpg,5.063
handbag,group_000000014766,original_000000014766.jpg,4.842
handbag,group_000000102421,edit_1_416b9e2f.jpg,5.254
handbag,group_000000102421,original_000000102421.jpg,4.847
handbag,group_000000293027,edit_1_da970ac2.jpg,4.998
handbag,group_000000293027,original_000000293027.jpg,4.844
handbag,group_000000320600,edit_1_4fb15e57.jpg,5.022
handbag,group_000000320600,edit_2_311e8307.jpg,4.998
handbag,group_000000320600,original_000000320600.jpg,4.979
handbag,group_000000339916,edit_1_a983f65b.jpg,5.204
handbag,group_000000339916,edit_2_2b6aa155.jpg,5.074
handbag,group_000000339916,original_000000339916.jpg,5.48
handbag,group_000000367917,edit_1_85e8472b.jpg,5.095
handbag,group_000000367917,edit_2_54bd4c39.jpg,5.159
handbag,group_000000367917,edit_3_057da9d7.jpg,5.514
handbag,group_000000367917,original_000000367917.jpg,4.96
handbag,group_000000552289,edit_1_665fc3d2.jpg,5.435
handbag,group_000000552289,edit_2_f2c688f0.jpg,5.327
handbag,group_000000552289,original_000000552289.jpg,5.497
handbag,group_07ba3473,edit_1_625015.jpg,5.29
handbag,group_07ba3473,original_07ba3473.jpg,5.347
handbag,group_115bc4f2,edit_1_0e95bc.jpg,5.446
handbag,group_115bc4f2,original_115bc4f2.jpg,5.406
handbag,group_125353,edit_1_45a727dc.jpg,5.329
handbag,group_125353,original_125353.jpg,4.982
handbag,group_150235,edit_1_81e0d16c.jpg,5.365
handbag,group_150235,original_150235.jpg,5.109
handbag,group_220d2433,edit_1_81a463.jpg,5.394
handbag,group_220d2433,edit_2_dee9b5.jpg,5.14
handbag,group_220d2433,original_220d2433.jpg,5.438
handbag,group_231022,edit_1_31d2e222.jpg,5.36
handbag,group_231022,edit_2_3e9d79ef.jpg,5.144
handbag,group_231022,original_231022.jpg,5.456
handbag,group_2b715b56,edit_1_e9da38.jpg,5.564
handbag,group_2b715b56,edit_2_572fdc.jpg,5.548
handbag,group_2b715b56,edit_3_dfc007.jpg,5.408
handbag,group_2b715b56,original_2b715b56.jpg,5.499
handbag,group_352549,edit_1_782b4ade.jpg,5.291
handbag,group_352549,original_352549.jpg,5.331
handbag,group_3a30d23f,edit_1_d5febc.jpg,5.614
handbag,group_3a30d23f,original_3a30d23f.jpg,5.841
handbag,group_3e04823b,edit_1_3e04823bn.jpg,5.88
handbag,group_3e04823b,original_3e04823b.jpg,5.865
handbag,group_4e7d5270,edit_1_973ac1.jpg,5.277
handbag,group_4e7d5270,original_4e7d5270.jpg,5.312
handbag,group_50f47b14,edit_1_2274bb.jpg,5.554
handbag,group_50f47b14,original_50f47b14.jpg,5.531
handbag,group_511676,edit_1_7bd92727.jpg,5.391
handbag,group_511676,edit_2_b6b83d4b.jpg,5.529
handbag,group_511676,edit_3_c634f3dd.jpg,5.099
handbag,group_511676,original_511676.jpg,5.312
handbag,group_532998,edit_1_5e6a7a8f.jpg,5.427
handbag,group_532998,original_532998.jpg,5.191
handbag,group_580286,edit_1_1178194.jpg,5.574
handbag,group_580286,original_580286.jpg,5.562
handbag,group_5b069441,edit_1_f113d9.jpg,5.425
handbag,group_5b069441,original_5b069441.jpg,5.526
handbag,group_623093aa,edit_1_6b14f0.jpg,5.201
handbag,group_623093aa,original_623093aa.jpg,5.36
handbag,group_63123026,edit_1_393707.jpg,5.352
handbag,group_63123026,original_63123026.jpg,5.334
handbag,group_72d88599,edit_1_7db1a4.jpg,5.269
handbag,group_72d88599,original_72d88599.jpg,5.312
handbag,group_750cbcfa,edit_1_9a66a3.jpg,5.189
handbag,group_750cbcfa,edit_2_c86a85.jpg,5.21
handbag,group_750cbcfa,original_750cbcfa.jpg,5.152
handbag,group_78aee99c,edit_1_2f25ee.jpg,5.02
handbag,group_78aee99c,original_78aee99c.jpg,4.917
handbag,group_7d7436cc,edit_1_c1658e.jpg,5.715
handbag,group_7d7436cc,original_7d7436cc.jpg,5.722
handbag,group_8c243350,edit_1_39e6ef.jpg,5.704
handbag,group_8c243350,original_8c243350.jpg,5.802
handbag,group_999327dc,edit_1_999327dcn.jpg,5.115
handbag,group_999327dc,original_999327dc.jpg,5.2
handbag,group_9befdf8d,edit_1_9befdf8dn.jpg,5.544
handbag,group_9befdf8d,original_9befdf8d.jpg,5.666
handbag,group_a40babc9,edit_1_15acc6.jpg,5.405
handbag,group_a40babc9,original_a40babc9.jpg,5.477
handbag,group_b962e110,edit_1_bb6726.jpg,5.493
handbag,group_b962e110,edit_2_dbaedc.jpg,5.674
handbag,group_b962e110,original_b962e110.jpg,5.733
handbag,group_bf44102d,edit_1_1510bc.jpg,5.71
handbag,group_bf44102d,original_bf44102d.jpg,5.779
handbag,group_cbadb2a1,edit_1_36b891.jpg,5.733
handbag,group_cbadb2a1,original_cbadb2a1.jpg,5.732
handbag,group_eca34c67,edit_1_051a17.jpg,5.529
handbag,group_eca34c67,edit_2_fc3050.jpg,5.6
handbag,group_eca34c67,original_eca34c67.jpg,5.553
handbag,group_f2040929,edit_1_78f09b.jpg,5.306
handbag,group_f2040929,edit_2_3002e8.jpg,5.247
handbag,group_f2040929,edit_3_9da45d.jpg,5.298
handbag,group_f2040929,original_f2040929.jpg,5.306
handbag,group_f7ad3ec3,edit_1_d390bc.jpg,5.122
handbag,group_f7ad3ec3,original_f7ad3ec3.jpg,5.247
handbag,group_fb79a262,edit_1_4e9a8c.jpg,5.517
handbag,group_fb79a262,original_fb79a262.jpg,5.408
laptop,group_000000158582,edit_1_83653ee0.jpg,4.844
laptop,group_000000158582,edit_2_3bb18aee.jpg,4.862
laptop,group_000000158582,original_000000158582.jpg,4.643
laptop,group_000000224306,edit_1_d68ce286.jpg,5.228
laptop,group_000000224306,original_000000224306.jpg,5.269
laptop,group_000000554737,edit_1_134c9075.jpg,5.114
laptop,group_000000554737,original_000000554737.jpg,4.757
laptop,group_0aebf887,edit_1_7d7a20.jpg,5.206
laptop,group_0aebf887,original_0aebf887.jpg,5.158
laptop,group_0d12fa2e,edit_1_0d12fa2en.jpg,5.213
laptop,group_0d12fa2e,original_0d12fa2e.jpg,5.421
laptop,group_107686,edit_1_6f35c3fc.jpg,5.216
laptop,group_107686,original_107686.jpg,5.255
laptop,group_145629,edit_1_6f5cd25b.jpg,4.908
laptop,group_145629,edit_2_9f60ca1f.jpg,4.998
laptop,group_145629,edit_3_2704856a.jpg,5.166
laptop,group_145629,original_145629.jpg,5.055
laptop,group_18e77b05,edit_1_18e77b05n.jpg,5.295
laptop,group_18e77b05,original_18e77b05.jpg,5.356
laptop,group_197097,edit_1_8e2a153d.jpg,4.974
laptop,group_197097,original_197097.jpg,5.323
laptop,group_27e8ebec,edit_1_27e8ebecn.jpg,5.308
laptop,group_27e8ebec,original_27e8ebec.jpg,5.317
laptop,group_322870,edit_1_1b5b82b7.jpg,5.29
laptop,group_322870,edit_2_df1b9a81.jpg,5.488
laptop,group_322870,original_322870.jpg,5.136
laptop,group_334671,edit_1_a205ec8e.jpg,4.997
laptop,group_334671,original_334671.jpg,4.618
laptop,group_341205,edit_1_3c8c5db5.jpg,5.112
laptop,group_341205,original_341205.jpg,5.196
laptop,group_344703,edit_1_c4302efa.jpg,4.54
laptop,group_344703,original_344703.jpg,5.1
laptop,group_35263e9e,edit_1_35263e9en.jpg,4.995
laptop,group_35263e9e,original_35263e9e.jpg,4.885
laptop,group_357805,edit_1_582a3d18.jpg,4.959
laptop,group_357805,edit_2_4952c956.jpg,4.907
laptop,group_357805,original_357805.jpg,4.638
laptop,group_395445,edit_1_b3fea749.jpg,5.276
laptop,group_395445,edit_2_a4126cc7.jpg,4.906
laptop,group_395445,original_395445.jpg,5.096
laptop,group_395761,edit_1_9457dd93.jpg,5.119
laptop,group_395761,original_395761.jpg,5.122
laptop,group_433921,edit_1_4ba7a9aa.jpg,5.252
laptop,group_433921,original_433921.jpg,5.073
laptop,group_436302,edit_1_370cba04.jpg,5.192
laptop,group_436302,original_436302.jpg,5.525
laptop,group_460885,edit_1_5ac390da.jpg,4.891
laptop,group_460885,original_460885.jpg,4.726
laptop,group_46f4e4df,edit_1_46f4e4dfn.jpg,5.274
laptop,group_46f4e4df,original_46f4e4df.jpg,5.548
laptop,group_494115,edit_1_a5086a6e.jpg,4.802
laptop,group_494115,original_494115.jpg,4.947
laptop,group_498b8d19,edit_1_498b8d19n.jpg,5.288
laptop,group_498b8d19,original_498b8d19.jpg,5.196
laptop,group_4bc1badf,edit_1_4bc1badfn.jpg,5.222
laptop,group_4bc1badf,original_4bc1badf.jpg,5.207
laptop,group_50246,edit_1_14a1ba59.jpg,5.293
laptop,group_50246,original_50246.jpg,5.397
laptop,group_510456,edit_1_1e90ebfe.jpg,4.567
laptop,group_510456,edit_2_3c24b7d8.jpg,4.839
laptop,group_510456,edit_3_d2ee31bb.jpg,5.047
laptop,group_510456,original_510456.jpg,4.857
laptop,group_518324,edit_1_a3fea6bb.jpg,5.092
laptop,group_518324,original_518324.jpg,5.114
laptop,group_524286,edit_1_dda49d0c.jpg,5.487
laptop,group_524286,original_524286.jpg,5.398
laptop,group_566536,edit_1_5a448474.jpg,4.886
laptop,group_566536,edit_2_184739a9.jpg,5.013
laptop,group_566536,original_566536.jpg,4.864
laptop,group_579466,edit_1_71eb3b7a.jpg,4.71
laptop,group_579466,edit_2_b1577ff4.jpg,4.431
laptop,group_579466,original_579466.jpg,4.652
laptop,group_5ad59e20,edit_1_5ad59e20n.jpg,5.791
laptop,group_5ad59e20,original_5ad59e20.jpg,5.701
laptop,group_61a7c25f,edit_1_61a7c25fn.jpg,5.77
laptop,group_663b5714,edit_1_663b5714n.jpg,5.323
laptop,group_663b5714,original_663b5714.jpg,5.423
laptop,group_69015,edit_1_55e86c68.jpg,5.441
laptop,group_69015,original_69015.jpg,5.63
laptop,group_6c504efc,edit_1_6c504efcn.jpg,5.228
laptop,group_6c504efc,original_6c504efc.jpg,5.105
laptop,group_76896,edit_1_aed3274d.jpg,5.575
laptop,group_76896,original_76896.jpg,5.345
laptop,group_78188,edit_1_f4692c84.jpg,5.115
laptop,group_78188,original_78188.jpg,4.777
laptop,group_7c99cd14,edit_1_2713dc.jpg,5.395
laptop,group_7c99cd14,original_7c99cd14.jpg,5.381
laptop,group_9c6ae1fe,edit_1_9c6ae1fen.jpg,5.091
laptop,group_9c6ae1fe,original_9c6ae1fe.jpg,5.159
laptop,group_bd7b46e9,edit_1_bd7b46e9n.jpg,5.593
laptop,group_bd7b46e9,original_bd7b46e9.jpg,5.345
laptop,group_d4074ce0,edit_1_d4074ce0n.jpg,5.314
laptop,group_d4074ce0,original_d4074ce0.jpg,5.379
laptop,group_da37190c,edit_1_da37190cn.jpg,5.068
laptop,group_da37190c,original_da37190c.jpg,5.362
laptop,group_da8b63ab,edit_1_da8b63abn.jpg,5.452
laptop,group_da8b63ab,original_da8b63ab.jpg,5.678
laptop,group_db7cf365,edit_1_db7cf365n.jpg,5.265
laptop,group_db7cf365,original_db7cf365.jpg,5.125
laptop,group_e0a60ba6,edit_1_e0a60ba6n.jpg,5.385
laptop,group_e0a60ba6,original_e0a60ba6.jpg,5.335
microwave,group_000000229787,edit_1_c7a107df.jpg,4.916
microwave,group_000000229787,edit_2_0cdfb69f.jpg,4.789
microwave,group_000000229787,edit_3_ce63a5cc.jpg,5.028
microwave,group_000000229787,original_000000229787.jpg,4.904
microwave,group_000000270179,edit_1_65390149.jpg,4.703
microwave,group_000000270179,original_000000270179.jpg,4.579
microwave,group_118399,edit_1_b7a98f5e.jpg,5.349
microwave,group_118399,original_118399.jpg,5.267
microwave,group_15c73459,edit_1_15c73459n.jpg,5.309
microwave,group_15c73459,original_15c73459.jpg,5.139
microwave,group_174113,edit_1_50c8fd97.jpg,5.035
microwave,group_174113,edit_2_0c98ec96.jpg,5.17
microwave,group_174113,edit_3_a3967940.jpg,5.297
microwave,group_174113,original_174113.jpg,5.151
microwave,group_199203,edit_1_940be093.jpg,5.155
microwave,group_199203,original_199203.jpg,5.185
microwave,group_202842,edit_1_f1610d49.jpg,4.961
microwave,group_202842,original_202842.jpg,4.751
microwave,group_28039142,edit_1_28039142n.jpg,5.477
microwave,group_28039142,original_28039142.jpg,5.567
microwave,group_288275,edit_1_0fe5bdca.jpg,5.33
microwave,group_288275,original_288275.jpg,4.862
microwave,group_307025,edit_1_1120019.jpg,5.209
microwave,group_307025,original_307025.jpg,5.318
microwave,group_316026,edit_1_1ffc5a2e.jpg,5.12
microwave,group_316026,original_316026.jpg,4.992
microwave,group_317798,edit_1_cd46923d.jpg,5.403
microwave,group_317798,original_317798.jpg,5.291
microwave,group_337422,edit_1_1368dfff.jpg,4.984
microwave,group_337422,original_337422.jpg,5.131
microwave,group_342702,edit_1_e9d3d5f9.jpg,4.957
microwave,group_342702,original_342702.jpg,5.035
microwave,group_342988,edit_1_1119958.jpg,4.919
microwave,group_342988,original_342988.jpg,4.944
microwave,group_365582,edit_1_237b5690.jpg,5.253
microwave,group_365582,edit_2_f804c400.jpg,5.156
microwave,group_365582,original_365582.jpg,5.174
microwave,group_3f1e139d,edit_1_3f1e139dn.jpg,5.348
microwave,group_3f1e139d,original_3f1e139d.jpg,5.434
microwave,group_400045,edit_1_c3f99cc6.jpg,5.093
microwave,group_400045,original_400045.jpg,5.141
microwave,group_40274,edit_1_c5165529.jpg,5.3
microwave,group_40274,edit_2_97a35123.jpg,5.234
microwave,group_40274,original_40274.jpg,5.187
microwave,group_414948,edit_1_b0bfb3dc.jpg,5.177
microwave,group_414948,original_414948.jpg,5.193
microwave,group_439a1c36,edit_1_439a1c36n.jpg,5.469
microwave,group_439a1c36,original_439a1c36.jpg,5.198
microwave,group_455083,edit_1_f84463c8.jpg,4.912
microwave,group_455083,original_455083.jpg,4.637
microwave,group_460378,edit_1_2140534.jpg,5.323
microwave,group_460378,original_460378.jpg,5.336
microwave,group_478077,edit_1_0fa5a1f6.jpg,5.248
microwave,group_478077,original_478077.jpg,5.068
microwave,group_496847,edit_1_4b72473d.jpg,4.887
microwave,group_496847,original_496847.jpg,4.961
microwave,group_4c3667ed,edit_1_4c3667edn.jpg,5.605
microwave,group_4c3667ed,original_4c3667ed.jpg,5.675
microwave,group_532131,edit_1_23450ecb.jpg,5.305
microwave,group_532131,original_532131.jpg,5.229
microwave,group_577623,edit_1_eccc0115.jpg,5.105
microwave,group_577623,original_577623.jpg,5.071
microwave,group_580162,edit_1_badb97ad.jpg,5.258
microwave,group_580162,edit_2_2701260b.jpg,5.276
microwave,group_580162,original_580162.jpg,5.28
microwave,group_5cc798d2,edit_1_5cc798d2n.jpg,5.431
microwave,group_5cc798d2,original_5cc798d2.jpg,5.366
microwave,group_61761,edit_1_8585002a.jpg,5.053
microwave,group_61761,original_61761.jpg,4.965
microwave,group_6c9124f4,edit_1_6c9124f4n.jpg,5.28
microwave,group_6c9124f4,original_6c9124f4.jpg,5.498
microwave,group_7ccc329a,edit_1_7ccc329an.jpg,5.515
microwave,group_7ccc329a,original_7ccc329a.jpg,5.504
microwave,group_8ea94996,edit_1_8ea94996n.jpg,5.338
microwave,group_8ea94996,original_8ea94996.jpg,5.052
microwave,group_900aec8c,edit_1_900aec8cn.jpg,5.553
microwave,group_900aec8c,original_900aec8c.jpg,5.588
microwave,group_a2db95d7,edit_1_a2db95d7n.jpg,5.029
microwave,group_a2db95d7,original_a2db95d7.jpg,5.354
microwave,group_a6610ae9,edit_1_a6610ae9n.jpg,4.858
microwave,group_a6610ae9,original_a6610ae9.jpg,4.918
microwave,group_acd1f619,edit_1_acd1f619n.jpg,5.125
microwave,group_acd1f619,original_acd1f619.jpg,5.256
microwave,group_b8edf45a,edit_1_b8edf45an.jpg,5.037
microwave,group_b8edf45a,original_b8edf45a.jpg,5.02
microwave,group_c8a37889,edit_1_6632d1.jpg,5.623
microwave,group_c8a37889,original_c8a37889.jpg,5.62
microwave,group_cfb866be,edit_1_cfb866ben.jpg,5.222
microwave,group_cfb866be,original_cfb866be.jpg,5.431
microwave,group_d5a2513b,edit_1_d5a2513bn.jpg,5.198
microwave,group_d5a2513b,original_d5a2513b.jpg,5.288
microwave,group_d8bfa8bc,edit_1_d8bfa8bcn.jpg,5.257
microwave,group_d8bfa8bc,original_d8bfa8bc.jpg,5.307
microwave,group_db099915,edit_1_5f300b.jpg,5.246
microwave,group_db099915,original_db099915.jpg,5.206
microwave,group_e4b34b1a,edit_1_e4b34b1an.jpg,5.585
microwave,group_e4b34b1a,original_e4b34b1a.jpg,5.475
microwave,group_fc618d7e,edit_1_fc618d7en.jpg,5.482
microwave,group_fc618d7e,original_fc618d7e.jpg,5.506
refrigerator,group_000000240967,edit_1_bd8b143b.jpg,5.308
refrigerator,group_000000240967,original_000000240967.jpg,5.202
refrigerator,group_000000316353,edit_1_32d809a5.jpg,4.93
refrigerator,group_000000316353,edit_2_5e847be0.jpg,5.143
refrigerator,group_000000316353,edit_3_9be2a43b.jpg,5.123
refrigerator,group_000000316353,original_000000316353.jpg,4.941
refrigerator,group_000000363716,edit_1_ad8ac2a5.jpg,5.301
refrigerator,group_000000363716,original_000000363716.jpg,4.832
refrigerator,group_000000544386,edit_1_39eb6160.jpg,5.221
refrigerator,group_000000544386,original_000000544386.jpg,5.23
refrigerator,group_065f90c4,edit_1_065f90c4n.jpg,5.29
refrigerator,group_065f90c4,original_065f90c4.jpg,5.237
refrigerator,group_118234,edit_1_e9b7fa66.jpg,5.209
refrigerator,group_118234,original_118234.jpg,4.893
refrigerator,group_131113,edit_1_d14e4ba5.jpg,5.622
refrigerator,group_131113,original_131113.jpg,5.609
refrigerator,group_139921,edit_1_a1bfc3ea.jpg,5.577
refrigerator,group_139921,edit_2_c0675068.jpg,5.427
refrigerator,group_139921,original_139921.jpg,5.501
refrigerator,group_163444,edit_1_71e5bb8f.jpg,5.416
refrigerator,group_163444,original_163444.jpg,5.042
refrigerator,group_200857,edit_1_dd094615.jpg,4.97
refrigerator,group_200857,original_200857.jpg,4.978
refrigerator,group_229140,edit_1_024d7dd5.jpg,5.33
refrigerator,group_229140,original_229140.jpg,5.425
refrigerator,group_252925,edit_1_0a723b14.jpg,5.639
refrigerator,group_252925,original_252925.jpg,5.662
refrigerator,group_28039142,edit_1_28039142n.jpg,5.477
refrigerator,group_28039142,original_28039142.jpg,5.567
refrigerator,group_321223,edit_1_bf9ee2d8.jpg,5.413
refrigerator,group_321223,edit_2_32abbf37.jpg,5.311
refrigerator,group_321223,original_321223.jpg,5.442
refrigerator,group_357837,edit_1_67439942.jpg,4.77
refrigerator,group_357837,original_357837.jpg,4.814
refrigerator,group_362371,edit_1_a1f43133.jpg,5.252
refrigerator,group_362371,edit_2_332196.jpg,5.55
refrigerator,group_362371,original_362371.jpg,5.45
refrigerator,group_366733,edit_1_a55721ae.jpg,5.488
refrigerator,group_366733,edit_2_bad4c552.jpg,5.182
refrigerator,group_366733,original_366733.jpg,4.772
refrigerator,group_375691,edit_1_4153bcb6.jpg,5.086
refrigerator,group_375691,original_375691.jpg,4.96
refrigerator,group_384957,edit_1_7ec9b832.jpg,5.186
refrigerator,group_384957,original_384957.jpg,5.07
refrigerator,group_3e1ed869,edit_1_3e1ed869n.jpg,5.197
refrigerator,group_3e1ed869,original_3e1ed869.jpg,5.033
refrigerator,group_40338,edit_1_a45e4601.jpg,5.204
refrigerator,group_40338,original_40338.jpg,5.199
refrigerator,group_416237,edit_1_ed0c9c08.jpg,5.107
refrigerator,group_416237,original_416237.jpg,4.806
refrigerator,group_416841,edit_1_ae5aeac6.jpg,5.148
refrigerator,group_416841,original_416841.jpg,4.766
refrigerator,group_419700,edit_1_859c441b.jpg,5.299
refrigerator,group_419700,original_419700.jpg,4.979
refrigerator,group_421406,edit_1_55faa0f5.jpg,5.011
refrigerator,group_421406,edit_2_d91fa4a6.jpg,5.26
refrigerator,group_421406,original_421406.jpg,5.002
refrigerator,group_434923,edit_1_f15c3f44.jpg,5.375
refrigerator,group_434923,original_434923.jpg,5.372
refrigerator,group_446812,edit_1_f931f777.jpg,4.921
refrigerator,group_446812,edit_2_73bed3d3.jpg,5.098
refrigerator,group_446812,original_446812.jpg,4.734
refrigerator,group_448351,edit_1_05eaec17.jpg,5.009
refrigerator,group_448351,original_448351.jpg,4.929
refrigerator,group_45663,edit_1_af72dc41.jpg,5.319
refrigerator,group_45663,original_45663.jpg,5.49
refrigerator,group_469779,edit_1_4ab1f8e0.jpg,4.864
refrigerator,group_469779,edit_2_aed32908.jpg,4.897
refrigerator,group_469779,original_469779.jpg,4.917
refrigerator,group_46eb175a,edit_1_46eb175an.jpg,5.215
refrigerator,group_46eb175a,original_46eb175a.jpg,5.188
refrigerator,group_4837ae80,edit_1_4837ae80n.jpg,5.405
refrigerator,group_4837ae80,original_4837ae80.jpg,5.136
refrigerator,group_48939,edit_1_1b93ccdb.jpg,5.079
refrigerator,group_48939,original_48939.jpg,5.207
refrigerator,group_495980,edit_1_4d033f9c.jpg,5.007
refrigerator,group_495980,original_495980.jpg,5.0
refrigerator,group_520696,edit_1_757dc90f.jpg,5.274
refrigerator,group_520696,edit_2_e0046db5.jpg,5.154
refrigerator,group_520696,original_520696.jpg,5.185
refrigerator,group_531944,edit_1_8a74909b.jpg,4.905
refrigerator,group_531944,original_531944.jpg,4.923
refrigerator,group_55521,edit_1_4fb2cb29.jpg,5.014
refrigerator,group_55521,original_55521.jpg,5.106
refrigerator,group_572754,edit_1_7b9662f6.jpg,5.191
refrigerator,group_572754,original_572754.jpg,5.065
refrigerator,group_579909,edit_1_abe9bf25.jpg,4.688
refrigerator,group_579909,edit_2_f4941076.jpg,4.837
refrigerator,group_579909,original_579909.jpg,4.702
refrigerator,group_7016eec1,edit_1_7016eec1n.jpg,5.531
refrigerator,group_7016eec1,original_7016eec1.jpg,5.382
refrigerator,group_72839387,edit_1_72839387n.jpg,5.004
refrigerator,group_72839387,original_72839387.jpg,5.333
refrigerator,group_73280,edit_1_66ac65f5.jpg,5.25
refrigerator,group_73280,original_73280.jpg,5.234
refrigerator,group_87126,edit_1_3abda63f.jpg,5.11
refrigerator,group_87126,original_87126.jpg,5.11
refrigerator,group_b622f99b,edit_1_41723f.jpg,5.327
refrigerator,group_b622f99b,original_b622f99b.jpg,5.319
refrigerator,group_d06c982b,edit_1_d06c982bn.jpg,5.437
refrigerator,group_d06c982b,original_d06c982b.jpg,5.418
refrigerator,group_fbc71367,edit_1_fbc71367n.jpg,5.202
refrigerator,group_fbc71367,original_fbc71367.jpg,5.207
refrigerator,group_fc618d7e,edit_1_fc618d7en.jpg,5.482
refrigerator,group_fc618d7e,original_fc618d7e.jpg,5.506
remote,group_108201,edit_1_efbe9a71.jpg,4.679
remote,group_108201,edit_2_0d07d3d6.jpg,4.817
remote,group_108201,original_108201.jpg,4.392
remote,group_110951,edit_1_c0916f41.jpg,5.717
remote,group_110951,original_110951.jpg,5.589
remote,group_112657,edit_1_85652972.jpg,5.014
remote,group_112657,edit_2_b4764433.jpg,4.683
remote,group_112657,original_112657.jpg,5.119
remote,group_167002,edit_1_1191ef4b.jpg,5.237
remote,group_167002,original_167002.jpg,4.724
remote,group_16838,edit_1_a1a7b0f9.jpg,5.528
remote,group_16838,original_16838.jpg,5.121
remote,group_178928,edit_1_d048076c.jpg,5.35
remote,group_178928,original_178928.jpg,5.375
remote,group_184490,edit_1_7c8f40e4.jpg,5.234
remote,group_184490,original_184490.jpg,5.07
remote,group_187427,edit_1_667d8854.jpg,5.159
remote,group_187427,original_187427.jpg,4.98
remote,group_188824,edit_1_08788dfc.jpg,4.87
remote,group_188824,original_188824.jpg,4.856
remote,group_198978,edit_1_2b0e2d80.jpg,5.012
remote,group_198978,original_198978.jpg,4.419
remote,group_209007,edit_1_26e74161.jpg,4.802
remote,group_209007,edit_2_6a8217c2.jpg,5.125
remote,group_209007,original_209007.jpg,4.888
remote,group_217591,edit_1_6cb7e040.jpg,4.782
remote,group_217591,original_217591.jpg,4.766
remote,group_242665,edit_1_781a2254.jpg,5.207
remote,group_242665,original_242665.jpg,5.073
remote,group_249445,edit_1_d6edd0c7.jpg,5.066
remote,group_249445,original_249445.jpg,5.015
remote,group_256781,edit_1_b942a582.jpg,5.074
remote,group_256781,original_256781.jpg,5.177
remote,group_258226,edit_1_3e23660a.jpg,5.295
remote,group_258226,original_258226.jpg,5.315
remote,group_260978,edit_1_55e34d31.jpg,5.25
remote,group_260978,original_260978.jpg,5.348
remote,group_2a9f2269,edit_1_46079e.jpg,5.272
remote,group_2a9f2269,original_2a9f2269.jpg,5.232
remote,group_314846,edit_1_ea6607fe.jpg,4.856
remote,group_314846,original_314846.jpg,4.929
remote,group_319781,edit_1_d55e2806.jpg,4.331
remote,group_319781,edit_2_ebe398a7.jpg,4.154
remote,group_319781,original_319781.jpg,4.133
remote,group_32416,edit_1_0fa0b78e.jpg,5.073
remote,group_32416,original_32416.jpg,4.703
remote,group_326124,edit_1_7b9b1f5a.jpg,5.287
remote,group_326124,original_326124.jpg,5.3
remote,group_33753,edit_1_cb9bcba8.jpg,5.279
remote,group_33753,original_33753.jpg,5.392
remote,group_36488,edit_1_5caa428e.jpg,5.083
remote,group_36488,original_36488.jpg,5.018
remote,group_365325,edit_1_51be7f98.jpg,5.257
remote,group_365325,original_365325.jpg,4.945
remote,group_389595,edit_1_50ec21fa.jpg,5.291
remote,group_389595,original_389595.jpg,5.686
remote,group_391568,edit_1_2f035477.jpg,5.14
remote,group_391568,edit_2_672edf9d.jpg,5.02
remote,group_391568,original_391568.jpg,4.972
remote,group_403666,edit_1_db14b262.jpg,4.735
remote,group_403666,original_403666.jpg,4.769
remote,group_432727,edit_1_4eb41885.jpg,4.773
remote,group_432727,edit_2_f97a1316.jpg,4.829
remote,group_432727,original_432727.jpg,4.727
remote,group_441752,edit_1_93256879.jpg,5.283
remote,group_441752,original_441752.jpg,5.163
remote,group_449888,edit_1_cd9d587f.jpg,4.769
remote,group_449888,original_449888.jpg,4.9
remote,group_457687,edit_1_0f4a2c3f.jpg,5.426
remote,group_457687,original_457687.jpg,5.542
remote,group_468129,edit_1_ff1bd2fd.jpg,5.39
remote,group_468129,original_468129.jpg,4.862
remote,group_485014,edit_1_df912011.jpg,4.76
remote,group_485014,original_485014.jpg,4.925
remote,group_491223,edit_1_f55245fe.jpg,5.224
remote,group_491223,original_491223.jpg,5.39
remote,group_51993,edit_1_a47d7c55.jpg,5.667
remote,group_51993,original_51993.jpg,5.148
remote,group_526933,edit_1_31fc608a.jpg,5.582
remote,group_526933,original_526933.jpg,5.36
remote,group_535136,edit_1_11e6bf66.jpg,5.392
remote,group_535136,original_535136.jpg,5.189
remote,group_571702,edit_1_8c0319bf.jpg,4.656
remote,group_571702,original_571702.jpg,4.548
remote,group_69866,edit_1_e61f8edc.jpg,4.939
remote,group_69866,original_69866.jpg,4.85
remote,group_77c6970f,edit_1_77c6970fn.jpg,5.326
remote,group_77c6970f,original_77c6970f.jpg,5.197
remote,group_7839,edit_1_7191297b.jpg,5.179
remote,group_7839,original_7839.jpg,5.21
remote,group_81661,edit_1_a99141b8.jpg,5.043
remote,group_81661,edit_2_380e59ea.jpg,5.207
remote,group_81661,original_81661.jpg,4.979
remote,group_92001,edit_1_f41ddb21.jpg,5.171
remote,group_92001,original_92001.jpg,5.085
remote,group_b2bf0feb,edit_1_fb272f.jpg,5.212
remote,group_b2bf0feb,original_b2bf0feb.jpg,5.239
remote,group_c99eaf95,edit_1_516476.jpg,5.31
remote,group_c99eaf95,original_c99eaf95.jpg,5.198
remote,group_d24627f6,edit_1_fec9b4.jpg,5.273
remote,group_d24627f6,original_d24627f6.jpg,5.336
remote,group_d77b3db2,edit_1_bbe03f.jpg,5.421
remote,group_d77b3db2,original_d77b3db2.jpg,5.432
suitcase,group_000000018862,edit_1_7b8d225b.jpg,5.251
suitcase,group_000000018862,edit_2_11078803.jpg,5.209
suitcase,group_000000018862,edit_3_32ce13e6.jpg,5.227
suitcase,group_000000018862,original_000000018862.jpg,5.099
suitcase,group_000000059683,edit_1_b50fa15d.jpg,5.05
suitcase,group_000000059683,edit_2_e7332147.jpg,4.998
suitcase,group_000000059683,edit_3_dfb57246.jpg,5.067
suitcase,group_000000059683,original_000000059683.jpg,5.2
suitcase,group_000000151975,edit_1_dcae7faa.jpg,5.439
suitcase,group_000000151975,edit_2_7797cd57.jpg,5.322
suitcase,group_000000151975,original_000000151975.jpg,4.859
suitcase,group_000000251404,edit_1_0f7137e1.jpg,5.206
suitcase,group_000000251404,original_000000251404.jpg,5.235
suitcase,group_000000397606,edit_1_d300573c.jpg,4.976
suitcase,group_000000397606,edit_2_1526f1c3.jpg,5.116
suitcase,group_000000397606,edit_3_87174bed.jpg,4.947
suitcase,group_000000397606,original_000000397606.jpg,5.023
suitcase,group_000000461705,edit_1_b1b91bee.jpg,5.442
suitcase,group_000000461705,edit_2_df4b6ca1.jpg,5.613
suitcase,group_000000461705,original_000000461705.jpg,5.479
suitcase,group_000000471064,edit_1_560ab49d.jpg,5.124
suitcase,group_000000471064,edit_2_2746b157.jpg,5.591
suitcase,group_000000471064,edit_3_e3990651.jpg,5.434
suitcase,group_000000471064,original_000000471064.jpg,4.769
suitcase,group_000000484173,edit_1_61e62245.jpg,5.08
suitcase,group_000000484173,edit_2_d28d7742.jpg,4.841
suitcase,group_000000484173,edit_3_74c5e02c.jpg,4.893
suitcase,group_000000484173,original_000000484173.jpg,5.023
suitcase,group_000000488004,edit_3_0e1391d5.jpg,5.49
suitcase,group_000000530037,edit_1_be067d43.jpg,5.344
suitcase,group_000000530037,edit_2_074d001c.jpg,5.423
suitcase,group_000000530037,edit_3_708cc3fa.jpg,5.227
suitcase,group_000000530037,original_000000530037.jpg,5.352
suitcase,group_000000561393,edit_1_f1975bc6.jpg,4.999
suitcase,group_000000561393,edit_2_a99cc24d.jpg,4.443
suitcase,group_000000561393,original_000000561393.jpg,4.606
suitcase,group_123914,edit_1_1183650.jpg,5.157
suitcase,group_123914,original_123914.jpg,5.132
suitcase,group_133788,edit_1_b48f940c.jpg,4.856
suitcase,group_133788,original_133788.jpg,4.748
suitcase,group_147a8f5d,edit_1_147a8f5dn.jpg,5.313
suitcase,group_147a8f5d,original_147a8f5d.jpg,5.136
suitcase,group_190905,edit_1_a342a6f6.jpg,5.159
suitcase,group_190905,original_190905.jpg,5.227
suitcase,group_208834,edit_1_405c5e0e.jpg,5.149
suitcase,group_208834,original_208834.jpg,4.731
suitcase,group_218011,edit_1_76cc726b.jpg,5.149
suitcase,group_218011,edit_2_5123fe25.jpg,5.21
suitcase,group_218011,original_218011.jpg,5.026
suitcase,group_21b5758c,edit_1_de2e86.jpg,5.68
suitcase,group_21b5758c,edit_2_218809.jpg,5.644
suitcase,group_21b5758c,edit_3_e75d3d.jpg,5.579
suitcase,group_21b5758c,original_21b5758c.jpg,5.695
suitcase,group_290415,edit_1_227335fd.jpg,5.134
suitcase,group_290415,original_290415.jpg,5.138
suitcase,group_330181,edit_1_18bbae0e.jpg,5.222
suitcase,group_330181,original_330181.jpg,5.448
suitcase,group_340699,edit_1_3fea2d5d.jpg,5.399
suitcase,group_340699,original_340699.jpg,5.282
suitcase,group_374885,edit_1_773e97d3.jpg,5.363
suitcase,group_374885,original_374885.jpg,5.306
suitcase,group_394957,edit_1_6fa2bc94.jpg,5.365
suitcase,group_394957,edit_2_2ae957c6.jpg,5.081
suitcase,group_394957,original_394957.jpg,5.321
suitcase,group_3f03b5a7,edit_1_3f03b5a7n.jpg,5.519
suitcase,group_3f03b5a7,original_3f03b5a7.jpg,5.737
suitcase,group_418282,edit_1_32cf1348.jpg,5.436
suitcase,group_418282,original_418282.jpg,5.024
suitcase,group_438448,edit_1_57078eab.jpg,5.077
suitcase,group_438448,original_438448.jpg,5.018
suitcase,group_485083,edit_1_75df9019.jpg,4.905
suitcase,group_485083,original_485083.jpg,4.857
suitcase,group_519de479,edit_1_519de479n.jpg,5.128
suitcase,group_519de479,original_519de479.jpg,5.31
suitcase,group_520694,edit_1_bb7e8446.jpg,5.08
suitcase,group_520694,edit_2_53db2fa5.jpg,5.206
suitcase,group_520694,original_520694.jpg,5.043
suitcase,group_534124,edit_1_1bf71f23.jpg,5.285
suitcase,group_534124,original_534124.jpg,4.925
suitcase,group_550421,edit_1_8505501d.jpg,5.008
suitcase,group_550421,original_550421.jpg,5.042
suitcase,group_56646,edit_1_65db9255.jpg,4.772
suitcase,group_56646,original_56646.jpg,4.851
suitcase,group_566743,edit_1_87a2e920.jpg,5.731
suitcase,group_566743,edit_2_a9ca0247.jpg,5.198
suitcase,group_566743,original_566743.jpg,5.363
suitcase,group_5da2695e,edit_1_5da2695en.jpg,4.923
suitcase,group_5da2695e,original_5da2695e.jpg,5.285
suitcase,group_73172,edit_1_2065c460.jpg,5.483
suitcase,group_73172,original_73172.jpg,5.284
suitcase,group_7d9436a0,edit_1_7d9436a0n.jpg,5.251
suitcase,group_7d9436a0,original_7d9436a0.jpg,4.897
suitcase,group_82a96aa2,edit_1_82a96aa2n.jpg,5.15
suitcase,group_82a96aa2,original_82a96aa2.jpg,5.508
suitcase,group_c39b1d6c,edit_1_c39b1d6cn.jpg,5.199
suitcase,group_c39b1d6c,original_c39b1d6c.jpg,5.224
suitcase,group_d62d6e9b,edit_1_f1e745.jpg,5.449
suitcase,group_d62d6e9b,original_d62d6e9b.jpg,5.538
suitcase,group_d8e24ae7,edit_1_d8e24ae7n.jpg,5.154
suitcase,group_d8e24ae7,original_d8e24ae7.jpg,5.31
suitcase,group_db6ff660,edit_1_db6ff660n.jpg,5.366
suitcase,group_db6ff660,original_db6ff660.jpg,5.387
toaster,group_000000017312,edit_1_5873cb05.jpg,4.81
toaster,group_000000017312,edit_2_41f04c1a.jpg,5.205
toaster,group_000000017312,edit_3_2c0cd1e8.jpg,5.273
toaster,group_000000017312,original_000000017312.jpg,4.67
toaster,group_000000259434,edit_1_6b99f84f.jpg,4.748
toaster,group_000000259434,original_000000259434.jpg,4.711
toaster,group_04af5537,edit_1_04af5537n.jpg,5.301
toaster,group_04af5537,original_04af5537.jpg,5.288
toaster,group_147073,edit_1_94382dfe.jpg,5.597
toaster,group_147073,original_147073.jpg,5.557
toaster,group_156175,edit_1_7cd75197.jpg,5.389
toaster,group_156175,original_156175.jpg,5.255
toaster,group_23444,edit_1_1900ce05.jpg,5.447
toaster,group_23444,original_23444.jpg,5.19
toaster,group_23c70287,edit_1_23c70287n.jpg,5.32
toaster,group_23c70287,original_23c70287.jpg,5.547
toaster,group_241e9bfe,edit_1_241e9bfen.jpg,5.052
toaster,group_241e9bfe,original_241e9bfe.jpg,5.208
toaster,group_246409,edit_1_b80be09f.jpg,4.856
toaster,group_246409,edit_2_061c8964.jpg,4.695
toaster,group_246409,edit_3_cc7cb432.jpg,4.832
toaster,group_246409,original_246409.jpg,4.937
toaster,group_302806,edit_1_ed996e4b.jpg,5.191
toaster,group_302806,original_302806.jpg,5.139
toaster,group_353398,edit_1_768d6b74.jpg,5.294
toaster,group_353398,original_353398.jpg,5.065
toaster,group_363a7757,edit_1_363a7757n.jpg,5.011
toaster,group_363a7757,original_363a7757.jpg,5.457
toaster,group_419449,edit_1_e233427e.jpg,4.986
toaster,group_419449,original_419449.jpg,4.871
toaster,group_439827,edit_1_6ec814a4.jpg,5.328
toaster,group_439827,edit_2_5675325c.jpg,5.16
toaster,group_439827,original_439827.jpg,5.287
toaster,group_481710,edit_1_1b61b6ed.jpg,5.101
toaster,group_481710,edit_2_1b9bbf22.jpg,5.108
toaster,group_481710,original_481710.jpg,5.032
toaster,group_491154,edit_1_6a4a7cc3.jpg,4.954
toaster,group_491154,original_491154.jpg,4.953
toaster,group_494383,edit_1_1b371770.jpg,5.311
toaster,group_494383,edit_2_0d15b688.jpg,5.438
toaster,group_494383,original_494383.jpg,5.356
toaster,group_498f8de7,edit_1_498f8de7n.jpg,5.408
toaster,group_498f8de7,original_498f8de7.jpg,5.556
toaster,group_57d4990c,edit_1_57d4990cn.jpg,5.343
toaster,group_57d4990c,original_57d4990c.jpg,5.441
toaster,group_58e3a90d,edit_1_58e3a90dn.jpg,5.318
toaster,group_58e3a90d,original_58e3a90d.jpg,5.283
toaster,group_5c318292,edit_1_5c318292n.jpg,5.632
toaster,group_5c318292,original_5c318292.jpg,5.391
toaster,group_606edbde,edit_1_606edbden.jpg,5.439
toaster,group_606edbde,original_606edbde.jpg,5.403
toaster,group_62716,edit_1_1072386.jpg,5.12
toaster,group_62716,original_62716.jpg,4.944
toaster,group_6865761c,edit_1_6865761cn.jpg,5.422
toaster,group_6865761c,original_6865761c.jpg,5.517
toaster,group_6b9c4537,edit_1_6b9c4537n.jpg,5.197
toaster,group_6b9c4537,original_6b9c4537.jpg,5.225
toaster,group_759cecb4,edit_1_759cecb4n.jpg,5.592
toaster,group_759cecb4,original_759cecb4.jpg,5.613
toaster,group_78289eb0,edit_1_78289eb0n.jpg,5.62
toaster,group_78289eb0,original_78289eb0.jpg,5.544
toaster,group_893b3445,edit_1_893b3445n.jpg,5.095
toaster,group_893b3445,original_893b3445.jpg,5.045
toaster,group_95dd0f78,edit_1_95dd0f78n.jpg,5.69
toaster,group_95dd0f78,original_95dd0f78.jpg,5.477
toaster,group_96caab0d,edit_1_96caab0dn.jpg,5.528
toaster,group_96caab0d,original_96caab0d.jpg,5.49
toaster,group_a0960b93,edit_1_a0960b93n.jpg,5.406
toaster,group_a0960b93,original_a0960b93.jpg,5.511
toaster,group_a1694d79,edit_1_a1694d79n.jpg,5.624
toaster,group_a1694d79,original_a1694d79.jpg,5.716
toaster,group_a3d3e93b,edit_1_a3d3e93bn.jpg,5.332
toaster,group_a3d3e93b,original_a3d3e93b.jpg,5.519
toaster,group_a8717342,edit_1_a8717342n.jpg,5.493
toaster,group_a8717342,original_a8717342.jpg,5.75
toaster,group_ae5c79b2,edit_1_ae5c79b2n.jpg,5.2
toaster,group_ae5c79b2,original_ae5c79b2.jpg,5.197
toaster,group_bdcc5571,edit_1_bdcc5571n.jpg,5.429
toaster,group_bdcc5571,original_bdcc5571.jpg,5.368
toaster,group_c99dc8f9,edit_1_c99dc8f9n.jpg,5.554
toaster,group_c99dc8f9,original_c99dc8f9.jpg,5.26
toaster,group_ca1efba1,edit_1_ca1efba1n.jpg,5.145
toaster,group_ca1efba1,original_ca1efba1.jpg,5.39
toaster,group_cf675ffb,edit_1_cf675ffbn.jpg,5.286
toaster,group_cf675ffb,original_cf675ffb.jpg,5.151
toaster,group_d8a1ae80,edit_1_d8a1ae80n.jpg,5.284
toaster,group_d8a1ae80,original_d8a1ae80.jpg,5.393
toaster,group_db4d83d8,edit_1_db4d83d8n.jpg,5.4
toaster,group_db4d83d8,original_db4d83d8.jpg,5.412
toaster,group_dc5addf5,edit_1_dc5addf5n.jpg,5.623
toaster,group_dc5addf5,original_dc5addf5.jpg,5.588
toaster,group_dccc7db8,edit_1_dccc7db8n.jpg,5.377
toaster,group_dccc7db8,original_dccc7db8.jpg,5.342
toaster,group_e1e71d0f,edit_1_e1e71d0fn.jpg,5.23
toaster,group_e1e71d0f,original_e1e71d0f.jpg,5.389
toaster,group_e9fd88ca,edit_1_e9fd88can.jpg,5.275
toaster,group_e9fd88ca,original_e9fd88ca.jpg,5.253
toaster,group_ed48f41f,edit_1_ed48f41fn.jpg,5.43
toaster,group_ed48f41f,original_ed48f41f.jpg,5.487
toaster,group_ed8ef6f9,edit_1_ed8ef6f9n.jpg,5.179
toaster,group_ed8ef6f9,original_ed8ef6f9.jpg,5.212
toaster,group_f976f36f,edit_1_f976f36fn.jpg,5.313
toaster,group_f976f36f,original_f976f36f.jpg,5.297
toaster,group_fb002f9f,edit_1_fb002f9fn.jpg,5.619
toaster,group_fb002f9f,original_fb002f9f.jpg,5.702
tv,group_000000128166,edit_1_d0df4220.jpg,5.439
tv,group_000000128166,edit_2_3f40160d.jpg,5.291
tv,group_000000128166,edit_3_570623be.jpg,5.066
tv,group_000000128166,original_000000128166.jpg,5.242
tv,group_000000409985,edit_1_f9e74712.jpg,4.947
tv,group_000000409985,edit_2_56bf4f6c.jpg,5.115
tv,group_000000409985,original_000000409985.jpg,4.779
tv,group_000000433423,edit_1_8303f043.jpg,5.43
tv,group_000000433423,edit_2_18b791f3.jpg,5.774
tv,group_000000433423,original_000000433423.jpg,5.691
tv,group_000000460482,edit_1_7350ba45.jpg,5.282
tv,group_000000460482,original_000000460482.jpg,5.414
tv,group_000000479528,edit_1_52d0b4d0.jpg,5.103
tv,group_000000479528,edit_2_ef482c64.jpg,5.168
tv,group_000000479528,original_000000479528.jpg,5.075
tv,group_105473,edit_1_3526414e.jpg,5.117
tv,group_105473,original_105473.jpg,4.914
tv,group_122335,edit_1_aba42115.jpg,4.93
tv,group_122335,edit_2_9569192d.jpg,5.347
tv,group_122335,original_122335.jpg,5.032
tv,group_131215,edit_1_9496cfd1.jpg,4.8
tv,group_131215,original_131215.jpg,4.837
tv,group_153368,edit_1_14585402.jpg,5.537
tv,group_153368,original_153368.jpg,5.497
tv,group_165433,edit_1_ac8a3ef5.jpg,5.178
tv,group_165433,original_165433.jpg,5.337
tv,group_188058,edit_1_01f0c699.jpg,5.153
tv,group_188058,edit_2_ce9ad9d7.jpg,5.288
tv,group_188058,original_188058.jpg,5.426
tv,group_213214,edit_1_dbb0616e.jpg,4.919
tv,group_213214,original_213214.jpg,4.861
tv,group_214252,edit_1_372ea346.jpg,5.728
tv,group_214252,edit_2_8843d3b6.jpg,5.551
tv,group_214252,original_214252.jpg,5.735
tv,group_230900,edit_1_af698f8c.jpg,4.979
tv,group_230900,original_230900.jpg,4.98
tv,group_232969,edit_1_de6faa5a.jpg,4.779
tv,group_232969,edit_2_63a0175d.jpg,4.996
tv,group_232969,original_232969.jpg,4.862
tv,group_233954,edit_1_78d460df.jpg,5.152
tv,group_233954,original_233954.jpg,5.182
tv,group_241129,edit_1_b19cf8a4.jpg,5.674
tv,group_241129,edit_2_ba0d7df6.jpg,5.576
tv,group_241129,original_241129.jpg,5.698
tv,group_249538,edit_1_9d40f414.jpg,5.353
tv,group_249538,original_249538.jpg,5.339
tv,group_249968,edit_1_4089ea33.jpg,5.024
tv,group_249968,edit_2_ac3bee68.jpg,5.073
tv,group_249968,original_249968.jpg,5.048
tv,group_28878,edit_1_19ab45c6.jpg,5.159
tv,group_28878,edit_2_17fae4cd.jpg,4.971
tv,group_28878,original_28878.jpg,4.896
tv,group_291355,edit_1_faeca7d1.jpg,5.518
tv,group_291355,original_291355.jpg,5.448
tv,group_303116,edit_1_6bd775ac.jpg,5.253
tv,group_303116,original_303116.jpg,5.157
tv,group_309580,edit_1_7b31d618.jpg,5.018
tv,group_309580,edit_2_8aeca544.jpg,4.778
tv,group_309580,original_309580.jpg,4.772
tv,group_325064,edit_1_937a8948.jpg,5.375
tv,group_325064,original_325064.jpg,5.461
tv,group_33345,edit_1_2ebfc8ab.jpg,5.516
tv,group_33345,original_33345.jpg,5.522
tv,group_35771,edit_1_65fd9028.jpg,5.286
tv,group_35771,original_35771.jpg,5.438
tv,group_398158,edit_1_6910a11c.jpg,5.185
tv,group_398158,original_398158.jpg,5.271
tv,group_400064,edit_1_90b289fa.jpg,5.169
tv,group_400064,original_400064.jpg,4.915
tv,group_406211,edit_1_4244750a.jpg,4.982
tv,group_406211,original_406211.jpg,4.985
tv,group_416656,edit_1_179bda49.jpg,5.516
tv,group_416656,original_416656.jpg,5.52
tv,group_427344,edit_1_d86e5541.jpg,4.941
tv,group_427344,original_427344.jpg,4.731
tv,group_43893,edit_1_6bf612b3.jpg,5.288
tv,group_43893,edit_2_7c9b79ac.jpg,5.407
tv,group_43893,original_43893.jpg,5.273
tv,group_457037,edit_1_4986320d.jpg,5.713
tv,group_457037,original_457037.jpg,5.283
tv,group_499147,edit_1_43b395d4.jpg,5.096
tv,group_499147,original_499147.jpg,5.209
tv,group_502300,edit_1_aa265c36.jpg,5.239
tv,group_502300,original_502300.jpg,5.201
tv,group_506172,edit_1_61698f2b.jpg,4.982
tv,group_506172,original_506172.jpg,4.862
tv,group_507459,edit_1_4923a2ce.jpg,4.279
tv,group_507459,original_507459.jpg,4.605
tv,group_533942,edit_1_4c1fce83.jpg,5.264
tv,group_533942,original_533942.jpg,5.221
tv,group_537291,edit_1_ac95e9f7.jpg,4.927
tv,group_537291,edit_2_9175b3fe.jpg,4.845
tv,group_537291,edit_3_22f9d2aa.jpg,4.854
tv,group_537291,original_537291.jpg,4.904
tv,group_545285,edit_1_02f50814.jpg,5.399
tv,group_545285,original_545285.jpg,5.328
tv,group_545507,edit_1_c94ecc50.jpg,5.388
tv,group_545507,original_545507.jpg,5.563
tv,group_558616,edit_1_0cc404e1.jpg,5.155
tv,group_558616,original_558616.jpg,5.143
tv,group_566583,edit_1_80b5d9be.jpg,5.289
tv,group_566583,original_566583.jpg,5.311
tv,group_568112,edit_1_12672740.jpg,4.979
tv,group_568112,original_568112.jpg,5.152
tv,group_571702,edit_1_8c0319bf.jpg,4.656
tv,group_571702,original_571702.jpg,4.548
tv,group_580686e3,edit_1_f788b9.jpg,5.105
tv,group_580686e3,original_580686e3.jpg,5.111
tv,group_64834,edit_1_cb52584f.jpg,5.766
tv,group_64834,original_64834.jpg,5.528
tv,group_65207,edit_1_94e86a28.jpg,5.089
tv,group_65207,original_65207.jpg,5.04
tv,group_76619,edit_1_8d52c700.jpg,5.018
tv,group_76619,original_76619.jpg,5.138
tv,group_96539,edit_1_4939a21a.jpg,5.21
tv,group_96539,original_96539.jpg,5.4
